label,group_id,filename,source,has_overlap,overlap_known
indian_cuckoo,1002921,1002921.mp3,xeno-canto,False,True
indian_cuckoo,1015906,1015906.mp3,xeno-canto,True,True
indian_cuckoo,1061156,1061156.mp3,xeno-canto,False,True
indian_cuckoo,1067889,1067889.mp3,xeno-canto,False,True
indian_cuckoo,1074050,1074050.mp3,xeno-canto,False,True
indian_cuckoo,1135258,1135258.mp3,xeno-canto,False,True
indian_cuckoo,1136972,1136972.mp3,xeno-canto,False,True
indian_cuckoo,1138853,1138853.mp3,xeno-canto,False,True
indian_cuckoo,1173835,1173835.mp3,xeno-canto,True,True
indian_cuckoo,342026,342026.mp3,xeno-canto,True,True
indian_cuckoo,342027,342027.mp3,xeno-canto,True,True
indian_cuckoo,342028,342028.mp3,xeno-canto,True,True
indian_cuckoo,342029,342029.mp3,xeno-canto,False,True
indian_cuckoo,359666,359666.mp3,xeno-canto,False,True
indian_cuckoo,359667,359667.mp3,xeno-canto,True,True
indian_cuckoo,445434,445434.mp3,xeno-canto,True,True
indian_cuckoo,547433,547433.mp3,xeno-canto,True,True
indian_cuckoo,604753,604753.mp3,xeno-canto,False,True
indian_cuckoo,604754,604754.mp3,xeno-canto,True,True
indian_cuckoo,604755,604755.mp3,xeno-canto,True,True
indian_cuckoo,604756,604756.mp3,xeno-canto,True,True
indian_cuckoo,641552,641552.mp3,xeno-canto,False,True
indian_cuckoo,642142,642142.mp3,xeno-canto,False,True
indian_cuckoo,652713,652713.mp3,xeno-canto,False,True
indian_cuckoo,682672,682672.mp3,xeno-canto,False,True
indian_cuckoo,709447,709447.mp3,xeno-canto,False,True
indian_cuckoo,721629,721629.mp3,xeno-canto,True,True
indian_cuckoo,724544,724544.mp3,xeno-canto,False,True
indian_cuckoo,725689,725689.mp3,xeno-canto,False,True
indian_cuckoo,727170,727170.mp3,xeno-canto,False,True
indian_cuckoo,729977,729977.mp3,xeno-canto,False,True
indian_cuckoo,729981,729981.mp3,xeno-canto,False,True
indian_cuckoo,761607,761607.mp3,xeno-canto,True,True
indian_cuckoo,771228,771228.mp3,xeno-canto,False,True
indian_cuckoo,772681,772681.mp3,xeno-canto,True,True
indian_cuckoo,787745,787745.mp3,xeno-canto,True,True
indian_cuckoo,790762,790762.mp3,xeno-canto,False,True
indian_cuckoo,799066,799066.mp3,xeno-canto,False,True
indian_cuckoo,799299,799299.mp3,xeno-canto,True,True
indian_cuckoo,801282,801282.mp3,xeno-canto,False,True
indian_cuckoo,807372,807372.mp3,xeno-canto,False,True
indian_cuckoo,810543,810543.mp3,xeno-canto,True,True
indian_cuckoo,813167,813167.mp3,xeno-canto,True,True
indian_cuckoo,822363,822363.mp3,xeno-canto,False,True
indian_cuckoo,822364,822364.mp3,xeno-canto,False,True
indian_cuckoo,822365,822365.mp3,xeno-canto,False,True
indian_cuckoo,823992,823992.mp3,xeno-canto,True,True
indian_cuckoo,839060,839060.mp3,xeno-canto,False,True
indian_cuckoo,892669,892669.mp3,xeno-canto,True,True
indian_cuckoo,895301,895301.mp3,xeno-canto,True,True
indian_cuckoo,901064,901064.mp3,xeno-canto,False,True
indian_cuckoo,901588,901588.mp3,xeno-canto,True,True
indian_cuckoo,902860,902860.mp3,xeno-canto,False,True
indian_cuckoo,903007,903007.mp3,xeno-canto,False,True
indian_cuckoo,907792,907792.mp3,xeno-canto,True,True
indian_cuckoo,908236,908236.mp3,xeno-canto,False,True
indian_cuckoo,908242,908242.mp3,xeno-canto,True,True
indian_cuckoo,910588,910588.mp3,xeno-canto,False,True
indian_cuckoo,910590,910590.mp3,xeno-canto,False,True
indian_cuckoo,912153,912153.mp3,xeno-canto,True,True
indian_cuckoo,912922,912922.mp3,xeno-canto,True,True
indian_cuckoo,915834,915834.mp3,xeno-canto,False,True
indian_cuckoo,917054,917054.mp3,xeno-canto,False,True
indian_cuckoo,919658,919658.mp3,xeno-canto,False,True
indian_cuckoo,938612,938612.mp3,xeno-canto,False,True
indian_cuckoo,982884,982884.mp3,xeno-canto,False,True
indian_cuckoo,991698,991698.mp3,xeno-canto,False,True
indian_cuckoo,998539,998539.mp3,xeno-canto,False,True
indian_cuckoo,999531,999531.mp3,xeno-canto,False,True
indian_cuckoo,999813,999813.mp3,xeno-canto,False,True
indian_eagle_owl,1159392,1159392.mp3,xeno-canto,False,True
indian_eagle_owl,195652,195652.mp3,xeno-canto,False,True
indian_eagle_owl,409708,409708.mp3,xeno-canto,False,True
indian_eagle_owl,585635,585635.mp3,xeno-canto,True,True
indian_eagle_owl,663623,663623.mp3,xeno-canto,True,True
indian_eagle_owl,663630,663630.mp3,xeno-canto,False,True
indian_eagle_owl,878419,878419.mp3,xeno-canto,False,True
oriental_magpie_robin,11196,11196__4389-12581__COPSAU__ea73a7c1 (1).wav,team-provided,False,False
oriental_magpie_robin,149548051,149548051__4959-7803__COPSAU__0b9bf90a.wav,team-provided,False,False
oriental_magpie_robin,154178821,154178821__10180-14899__COPSAU__ac7c1b38.wav,team-provided,False,False
oriental_magpie_robin,154178821,154178821__18079-19328__COPSAU__64149081.wav,team-provided,False,False
oriental_magpie_robin,154178821,154178821__1961-8201__COPSAU__8b39132c.wav,team-provided,False,False
oriental_magpie_robin,154178821,154178821__1979-4915__COPSAU__0034698a.wav,team-provided,False,False
oriental_magpie_robin,154178821,154178821__21769-24417__COPSAU__a588a45e.wav,team-provided,False,False
oriental_magpie_robin,154178821,154178821__26900-29455__COPSAU__1a54949d.wav,team-provided,False,False
oriental_magpie_robin,154178821,154178821__30864-33238__COPSAU__985a2b4d.wav,team-provided,False,False
oriental_magpie_robin,154178821,154178821__35278-38096__COPSAU__60cbcf35.wav,team-provided,False,False
oriental_magpie_robin,154178821,154178821__40361-42802__COPSAU__cd2551df.wav,team-provided,False,False
oriental_magpie_robin,154178821,154178821__45893-48884__COPSAU__9b6475a9.wav,team-provided,False,False
oriental_magpie_robin,154178821,154178821__6918-9076__COPSAU__5a568432.wav,team-provided,False,False
oriental_magpie_robin,174929691,174929691__1457-4129__COPSAU__8d4fb531.wav,team-provided,False,False
oriental_magpie_robin,192237781,192237781__11987-16835__COPSAU__c0a0bc60.wav,team-provided,False,False
oriental_magpie_robin,192237781,192237781__20194-27884__COPSAU__66911462.wav,team-provided,False,False
oriental_magpie_robin,192237781,192237781__68-8717__COPSAU__0739969a.wav,team-provided,False,False
oriental_magpie_robin,203911381,203911381__2174-5013__COPSAU__ed8a16b9.wav,team-provided,False,False
oriental_magpie_robin,203911381,203911381__7968-10810__COPSAU__29057dc5.wav,team-provided,False,False
oriental_magpie_robin,204024181,204024181__17234-22445__COPSAU__23aabc6e.wav,team-provided,False,False
oriental_magpie_robin,267458721,267458721__4477-8328__COPSAU__8b63e686.wav,team-provided,False,False
oriental_magpie_robin,285055951,285055951__1099-4249__COPSAU__38c31db2.wav,team-provided,False,False
oriental_magpie_robin,285055951,285055951__1120-4549__COPSAU__6c8446fc.wav,team-provided,False,False
oriental_magpie_robin,333724121,333724121__14460-20693__COPSAU__be8df89e.wav,team-provided,False,False
oriental_magpie_robin,333724121,333724121__22342-34341__COPSAU__4fa47597 (1).wav,team-provided,False,False
oriental_magpie_robin,333724121,333724121__34583-40820__COPSAU__91a9613b (1).wav,team-provided,False,False
oriental_magpie_robin,333724121,333724121__46990-58822__COPSAU__4e3213b4 (1).wav,team-provided,False,False
oriental_magpie_robin,333724121,333724121__63-8500__COPSAU__d1962fac.wav,team-provided,False,False
oriental_magpie_robin,333724121,333724121__63255-73785__COPSAU__aa55bfff (1).wav,team-provided,False,False
oriental_magpie_robin,333724121,333724121__74050-79127__COPSAU__8701bcee (1).wav,team-provided,False,False
oriental_magpie_robin,333724121,333724121__79652-89362__COPSAU__2003ccad (1).wav,team-provided,False,False
oriental_magpie_robin,333724121,333724121__80-12402__COPSAU__1b4065df.wav,team-provided,False,False
oriental_magpie_robin,363850441,363850441__2858-10691__COPSAU__dcacd303.wav,team-provided,False,False
oriental_magpie_robin,36417,36417__4860-11277__COPSAU__e0bf7c1b.wav,team-provided,False,False
oriental_magpie_robin,424674471,424674471__3858-6282__COPSAU__22756d62.wav,team-provided,False,False
oriental_magpie_robin,432191751,432191751__1754-12470__COPSAU__bd0c893f.wav,team-provided,False,False
oriental_magpie_robin,434666111,434666111__1952-4463__COPSAU__1c4ef4a2.wav,team-provided,False,False
oriental_magpie_robin,434666111,434666111__1978-4287__COPSAU__015710fc.wav,team-provided,False,False
oriental_magpie_robin,512667741,512667741__408-5432__COPSAU__0f7ddcc1.wav,team-provided,False,False
oriental_magpie_robin,513469821,513469821__77-4049__COPSAU__d1a3ebb4.wav,team-provided,False,False
oriental_magpie_robin,552980811,552980811__11434-18997__COPSAU__7581e77e.wav,team-provided,False,False
oriental_magpie_robin,552980811,552980811__21608-34402__COPSAU__745252d9.wav,team-provided,False,False
oriental_magpie_robin,552980811,552980811__61314-76594__COPSAU__7d1cf922.wav,team-provided,False,False
oriental_magpie_robin,552980811,552980811__78943-90618__COPSAU__b2af9379.wav,team-provided,False,False
oriental_magpie_robin,552980811,552980811__803-9501__COPSAU__efcdb382.wav,team-provided,False,False
oriental_magpie_robin,596621731,596621731__1837-5590__COPSAU__dcc16916.wav,team-provided,False,False
oriental_magpie_robin,596621731,596621731__1852-5604__COPSAU__f5a9cf7f.wav,team-provided,False,False
oriental_magpie_robin,597241061,597241061__1001-11109__COPSAU__63aa7f72.wav,team-provided,False,False
oriental_magpie_robin,597241061,597241061__15284-27482__COPSAU__5f44bf8d.wav,team-provided,False,False
oriental_magpie_robin,610166991,610166991__2445-6930__COPSAU__79c86387.wav,team-provided,False,False
oriental_magpie_robin,610166991,610166991__7826-11238__COPSAU__7569810f.wav,team-provided,False,False
oriental_magpie_robin,611997305,611997305__13-7937__COPSAU__c67122b1.wav,team-provided,False,False
purple_rumped_sunbird,1050053,1050053.mp3,xeno-canto,False,True
purple_rumped_sunbird,1096396,1096396.mp3,xeno-canto,True,True
purple_rumped_sunbird,1096398,1096398.mp3,xeno-canto,True,True
purple_rumped_sunbird,1096433,1096433.mp3,xeno-canto,True,True
purple_rumped_sunbird,1097322,1097322.mp3,xeno-canto,False,True
purple_rumped_sunbird,1159712,1159712.mp3,xeno-canto,False,True
purple_rumped_sunbird,1160201,1160201.mp3,xeno-canto,False,True
purple_rumped_sunbird,1160202,1160202.mp3,xeno-canto,False,True
purple_rumped_sunbird,1160203,1160203.mp3,xeno-canto,False,True
purple_rumped_sunbird,1160262,1160262.mp3,xeno-canto,False,True
purple_rumped_sunbird,1160577,1160577.mp3,xeno-canto,False,True
purple_rumped_sunbird,1160578,1160578.mp3,xeno-canto,False,True
purple_rumped_sunbird,157474,157474.mp3,xeno-canto,False,True
purple_rumped_sunbird,187590,187590.mp3,xeno-canto,False,True
purple_rumped_sunbird,193182,193182.mp3,xeno-canto,False,True
purple_rumped_sunbird,208680,208680.mp3,xeno-canto,True,True
purple_rumped_sunbird,208681,208681.mp3,xeno-canto,False,True
purple_rumped_sunbird,208770,208770.mp3,xeno-canto,True,True
purple_rumped_sunbird,208781,208781.mp3,xeno-canto,False,True
purple_rumped_sunbird,209932,209932.mp3,xeno-canto,False,True
purple_rumped_sunbird,211574,211574.mp3,xeno-canto,False,True
purple_rumped_sunbird,211575,211575.mp3,xeno-canto,False,True
purple_rumped_sunbird,215847,215847.mp3,xeno-canto,False,True
purple_rumped_sunbird,242415,242415.mp3,xeno-canto,False,True
purple_rumped_sunbird,268375,268375.mp3,xeno-canto,False,True
purple_rumped_sunbird,279622,279622.mp3,xeno-canto,False,True
purple_rumped_sunbird,291449,291449.mp3,xeno-canto,False,True
purple_rumped_sunbird,297268,297268.mp3,xeno-canto,False,True
purple_rumped_sunbird,306704,306704.mp3,xeno-canto,False,True
purple_rumped_sunbird,311337,311337.mp3,xeno-canto,False,True
purple_rumped_sunbird,311338,311338.mp3,xeno-canto,False,True
purple_rumped_sunbird,311339,311339.mp3,xeno-canto,False,True
purple_rumped_sunbird,311341,311341.mp3,xeno-canto,False,True
purple_rumped_sunbird,335053,335053.mp3,xeno-canto,False,True
purple_rumped_sunbird,346137,346137.mp3,xeno-canto,False,True
purple_rumped_sunbird,346197,346197.mp3,xeno-canto,False,True
purple_rumped_sunbird,369289,369289.mp3,xeno-canto,False,True
purple_rumped_sunbird,370330,370330.mp3,xeno-canto,False,True
purple_rumped_sunbird,380579,380579.mp3,xeno-canto,False,True
purple_rumped_sunbird,430477,430477.mp3,xeno-canto,False,True
purple_rumped_sunbird,442345,442345.mp3,xeno-canto,False,True
purple_rumped_sunbird,459680,459680.mp3,xeno-canto,True,True
purple_rumped_sunbird,469365,469365.mp3,xeno-canto,False,True
purple_rumped_sunbird,469366,469366.mp3,xeno-canto,False,True
purple_rumped_sunbird,469367,469367.mp3,xeno-canto,False,True
purple_rumped_sunbird,473485,473485.mp3,xeno-canto,False,True
purple_rumped_sunbird,537485,537485.mp3,xeno-canto,False,True
purple_rumped_sunbird,547423,547423.mp3,xeno-canto,False,True
purple_rumped_sunbird,547495,547495.mp3,xeno-canto,False,True
purple_rumped_sunbird,547564,547564.mp3,xeno-canto,False,True
purple_rumped_sunbird,547594,547594.mp3,xeno-canto,False,True
purple_rumped_sunbird,547595,547595.mp3,xeno-canto,False,True
purple_rumped_sunbird,569655,569655.mp3,xeno-canto,False,True
purple_rumped_sunbird,572638,572638.mp3,xeno-canto,False,True
purple_rumped_sunbird,616761,616761.mp3,xeno-canto,False,True
purple_rumped_sunbird,648948,648948.mp3,xeno-canto,False,True
purple_rumped_sunbird,653654,653654.mp3,xeno-canto,True,True
purple_rumped_sunbird,653680,653680.mp3,xeno-canto,True,True
purple_rumped_sunbird,653681,653681.mp3,xeno-canto,True,True
purple_rumped_sunbird,653682,653682.mp3,xeno-canto,True,True
purple_rumped_sunbird,664672,664672.mp3,xeno-canto,False,True
purple_rumped_sunbird,664673,664673.mp3,xeno-canto,False,True
purple_rumped_sunbird,664674,664674.mp3,xeno-canto,False,True
purple_rumped_sunbird,664677,664677.mp3,xeno-canto,True,True
purple_rumped_sunbird,684252,684252.mp3,xeno-canto,False,True
purple_rumped_sunbird,684253,684253.mp3,xeno-canto,False,True
purple_rumped_sunbird,697551,697551.mp3,xeno-canto,False,True
purple_rumped_sunbird,698980,698980.mp3,xeno-canto,False,True
purple_rumped_sunbird,795207,795207.mp3,xeno-canto,False,True
purple_rumped_sunbird,795211,795211.mp3,xeno-canto,False,True
zitting_cisticola,1029394,1029394.mp3,xeno-canto,True,True
zitting_cisticola,1133601,1133601.mp3,xeno-canto,True,True
zitting_cisticola,1136057,1136057.mp3,xeno-canto,True,True
zitting_cisticola,1137818,1137818.mp3,xeno-canto,True,True
zitting_cisticola,1144647,1144647.mp3,xeno-canto,False,True
zitting_cisticola,1145278,1145278.mp3,xeno-canto,True,True
zitting_cisticola,1145625,1145625.mp3,xeno-canto,True,True
zitting_cisticola,1146903,1146903.mp3,xeno-canto,True,True
zitting_cisticola,1147940,1147940.mp3,xeno-canto,True,True
zitting_cisticola,1147948,1147948.mp3,xeno-canto,False,True
zitting_cisticola,1148678,1148678.mp3,xeno-canto,True,True
zitting_cisticola,1148680,1148680.mp3,xeno-canto,True,True
zitting_cisticola,1150843,1150843.mp3,xeno-canto,False,True
zitting_cisticola,1150854,1150854.mp3,xeno-canto,False,True
zitting_cisticola,1150855,1150855.mp3,xeno-canto,False,True
zitting_cisticola,1150856,1150856.mp3,xeno-canto,False,True
zitting_cisticola,1150857,1150857.mp3,xeno-canto,False,True
zitting_cisticola,1151411,1151411.mp3,xeno-canto,True,True
zitting_cisticola,1151412,1151412.mp3,xeno-canto,True,True
zitting_cisticola,1151413,1151413.mp3,xeno-canto,True,True
zitting_cisticola,1151415,1151415.mp3,xeno-canto,True,True
zitting_cisticola,1152706,1152706.mp3,xeno-canto,False,True
zitting_cisticola,1153368,1153368.mp3,xeno-canto,True,True
zitting_cisticola,1154640,1154640.mp3,xeno-canto,True,True
zitting_cisticola,1154691,1154691.mp3,xeno-canto,True,True
zitting_cisticola,1154874,1154874.mp3,xeno-canto,False,True
zitting_cisticola,1155894,1155894.mp3,xeno-canto,True,True
zitting_cisticola,1155918,1155918.mp3,xeno-canto,False,True
zitting_cisticola,1156407,1156407.mp3,xeno-canto,False,True
zitting_cisticola,1156408,1156408.mp3,xeno-canto,False,True
zitting_cisticola,1156409,1156409.mp3,xeno-canto,False,True
zitting_cisticola,1157491,1157491.mp3,xeno-canto,False,True
zitting_cisticola,1162636,1162636.mp3,xeno-canto,False,True
zitting_cisticola,1162637,1162637.mp3,xeno-canto,False,True
zitting_cisticola,1162638,1162638.mp3,xeno-canto,False,True
zitting_cisticola,1163955,1163955.mp3,xeno-canto,False,True
zitting_cisticola,1166914,1166914.mp3,xeno-canto,False,True
zitting_cisticola,1169146,1169146.mp3,xeno-canto,True,True
zitting_cisticola,1175977,1175977.mp3,xeno-canto,False,True
zitting_cisticola,1176617,1176617.mp3,xeno-canto,False,True
zitting_cisticola,1178488,1178488.mp3,xeno-canto,False,True
zitting_cisticola,1179632,1179632.mp3,xeno-canto,False,True
zitting_cisticola,125067,125067.mp3,xeno-canto,False,True
zitting_cisticola,135561,135561.mp3,xeno-canto,False,True
zitting_cisticola,141020,141020.mp3,xeno-canto,False,True
zitting_cisticola,146954,146954.mp3,xeno-canto,False,True
zitting_cisticola,146955,146955.mp3,xeno-canto,False,True
zitting_cisticola,194341,194341.mp3,xeno-canto,False,True
zitting_cisticola,276777,276777.mp3,xeno-canto,False,True
zitting_cisticola,276778,276778.mp3,xeno-canto,False,True
zitting_cisticola,29476,29476.mp3,xeno-canto,False,True
zitting_cisticola,331153,331153.mp3,xeno-canto,False,True
zitting_cisticola,331154,331154.mp3,xeno-canto,False,True
zitting_cisticola,361630,361630.mp3,xeno-canto,False,True
zitting_cisticola,413333,413333.mp3,xeno-canto,True,True
zitting_cisticola,475964,475964.mp3,xeno-canto,True,True
zitting_cisticola,485274,485274.mp3,xeno-canto,True,True
zitting_cisticola,488586,488586.mp3,xeno-canto,False,True
zitting_cisticola,596928,596928.mp3,xeno-canto,False,True
zitting_cisticola,632795,632795.mp3,xeno-canto,False,True
zitting_cisticola,650391,650391.mp3,xeno-canto,False,True
zitting_cisticola,739571,739571.mp3,xeno-canto,False,True
zitting_cisticola,758838,758838.mp3,xeno-canto,False,True
zitting_cisticola,773831,773831.mp3,xeno-canto,False,True
zitting_cisticola,839550,839550.mp3,xeno-canto,True,True
zitting_cisticola,859460,859460.mp3,xeno-canto,False,True
zitting_cisticola,879263,879263.mp3,xeno-canto,False,True
zitting_cisticola,884206,884206.mp3,xeno-canto,True,True
zitting_cisticola,904651,904651.mp3,xeno-canto,False,True
zitting_cisticola,991472,991472.mp3,xeno-canto,False,True
red_vented_bulbul,1030847,1030847.mp3,xeno-canto,False,True
red_vented_bulbul,1051092,1051092.mp3,xeno-canto,False,True
red_vented_bulbul,1077498,1077498.mp3,xeno-canto,False,True
red_vented_bulbul,108905,108905.mp3,xeno-canto,True,True
red_vented_bulbul,1103797,1103797.mp3,xeno-canto,False,True
red_vented_bulbul,1103798,1103798.mp3,xeno-canto,False,True
red_vented_bulbul,1103799,1103799.mp3,xeno-canto,False,True
red_vented_bulbul,1103800,1103800.mp3,xeno-canto,False,True
red_vented_bulbul,1103802,1103802.mp3,xeno-canto,False,True
red_vented_bulbul,1103803,1103803.mp3,xeno-canto,False,True
red_vented_bulbul,1104093,1104093.mp3,xeno-canto,False,True
red_vented_bulbul,1104094,1104094.mp3,xeno-canto,False,True
red_vented_bulbul,1104095,1104095.mp3,xeno-canto,False,True
red_vented_bulbul,1104096,1104096.mp3,xeno-canto,False,True
red_vented_bulbul,1104097,1104097.mp3,xeno-canto,False,True
red_vented_bulbul,1104098,1104098.mp3,xeno-canto,False,True
red_vented_bulbul,1107305,1107305.mp3,xeno-canto,False,True
red_vented_bulbul,1107306,1107306.mp3,xeno-canto,False,True
red_vented_bulbul,1135923,1135923.mp3,xeno-canto,False,True
red_vented_bulbul,1135925,1135925.mp3,xeno-canto,False,True
red_vented_bulbul,1155855,1155855.mp3,xeno-canto,False,True
red_vented_bulbul,1155857,1155857.mp3,xeno-canto,False,True
red_vented_bulbul,1155860,1155860.mp3,xeno-canto,False,True
red_vented_bulbul,149692,149692.mp3,xeno-canto,True,True
red_vented_bulbul,157819,157819.mp3,xeno-canto,True,True
red_vented_bulbul,157864,157864.mp3,xeno-canto,True,True
red_vented_bulbul,174862,174862.mp3,xeno-canto,True,True
red_vented_bulbul,182627,182627.mp3,xeno-canto,False,True
red_vented_bulbul,190899,190899.mp3,xeno-canto,True,True
red_vented_bulbul,205815,205815.mp3,xeno-canto,True,True
red_vented_bulbul,209007,209007.mp3,xeno-canto,False,True
red_vented_bulbul,209546,209546.mp3,xeno-canto,True,True
red_vented_bulbul,223624,223624.mp3,xeno-canto,False,True
red_vented_bulbul,267344,267344.mp3,xeno-canto,True,True
red_vented_bulbul,311479,311479.mp3,xeno-canto,True,True
red_vented_bulbul,321618,321618.mp3,xeno-canto,True,True
red_vented_bulbul,336725,336725.mp3,xeno-canto,False,True
red_vented_bulbul,346122,346122.mp3,xeno-canto,True,True
red_vented_bulbul,404356,404356.mp3,xeno-canto,False,True
red_vented_bulbul,428402,428402.mp3,xeno-canto,True,True
red_vented_bulbul,441581,441581.mp3,xeno-canto,False,True
red_vented_bulbul,441858,441858.mp3,xeno-canto,True,True
red_vented_bulbul,448176,448176.mp3,xeno-canto,True,True
red_vented_bulbul,453345,453345.mp3,xeno-canto,False,True
red_vented_bulbul,454895,454895.mp3,xeno-canto,False,True
red_vented_bulbul,460292,460292.mp3,xeno-canto,False,True
red_vented_bulbul,473028,473028.mp3,xeno-canto,False,True
red_vented_bulbul,529859,529859.mp3,xeno-canto,False,True
red_vented_bulbul,53988,53988.mp3,xeno-canto,True,True
red_vented_bulbul,573346,573346.mp3,xeno-canto,False,True
red_vented_bulbul,573352,573352.mp3,xeno-canto,True,True
red_vented_bulbul,573353,573353.mp3,xeno-canto,True,True
red_vented_bulbul,577870,577870.mp3,xeno-canto,True,True
red_vented_bulbul,637695,637695.mp3,xeno-canto,True,True
red_vented_bulbul,656016,656016.mp3,xeno-canto,False,True
red_vented_bulbul,671492,671492.mp3,xeno-canto,True,True
red_vented_bulbul,684870,684870.mp3,xeno-canto,True,True
red_vented_bulbul,686236,686236.mp3,xeno-canto,True,True
red_vented_bulbul,741596,741596.mp3,xeno-canto,False,True
red_vented_bulbul,74215,74215.mp3,xeno-canto,False,True
red_vented_bulbul,792276,792276.mp3,xeno-canto,True,True
red_vented_bulbul,79819,79819.mp3,xeno-canto,False,True
red_vented_bulbul,79821,79821.mp3,xeno-canto,False,True
red_vented_bulbul,821067,821067.mp3,xeno-canto,True,True
red_vented_bulbul,835561,835561.mp3,xeno-canto,False,True
red_vented_bulbul,836230,836230.mp3,xeno-canto,False,True
red_vented_bulbul,876447,876447.mp3,xeno-canto,False,True
red_vented_bulbul,90389,90389.mp3,xeno-canto,False,True
red_vented_bulbul,933206,933206.mp3,xeno-canto,False,True
red_vented_bulbul,982369,982369.mp3,xeno-canto,False,True
